<?xml version="1.0" encoding="UTF-8"?>
<navigationModel
        ns="http://schemas.android.com?import=com.android.navigation.*">
    <locations
            class="java.util.ArrayList">
        <entry>
            <key
                    class="com.android.navigation.ActivityState"
                    className="activity.AHome">
                <location
                        id="point0"
                        x="0"
                        y="0"/>
            </key>
            <value
                    x="640"
                    y="320"
                    class="com.android.navigation.Point"/>
        </entry>
        <entry>
            <key
                    class="com.android.navigation.ActivityState"
                    className="activity.ALegal">
                <location
                        idref="point0"/>
            </key>
            <value
                    x="500"
                    y="2120"
                    class="com.android.navigation.Point"/>
        </entry>
        <entry>
            <key
                    class="com.android.navigation.ActivityState"
                    className="activity.AAbout">
                <location
                        idref="point0"/>
            </key>
            <value
                    x="500"
                    y="4140"
                    class="com.android.navigation.Point"/>
        </entry>
        <entry>
            <key
                    class="com.android.navigation.ActivityState"
                    className="activity.ADownloadManager">
                <location
                        idref="point0"/>
            </key>
            <value
                    x="500"
                    y="6160"
                    class="com.android.navigation.Point"/>
        </entry>
        <entry>
            <key
                    class="com.android.navigation.ActivityState"
                    className="activity.ASlash">
                <location
                        idref="point0"/>
            </key>
            <value
                    x="500"
                    y="8180"
                    class="com.android.navigation.Point"/>
        </entry>
        <entry>
            <key
                    class="com.android.navigation.ActivityState"
                    className="activity.ASetting">
                <location
                        idref="point0"/>
            </key>
            <value
                    x="500"
                    y="10200"
                    class="com.android.navigation.Point"/>
        </entry>
        <entry>
            <key
                    class="com.android.navigation.ActivityState"
                    className="activity.AWeb">
                <location
                        idref="point0"/>
            </key>
            <value
                    x="500"
                    y="12220"
                    class="com.android.navigation.Point"/>
        </entry>
    </locations>
</navigationModel>
